[
  {
    "name": "Mario Kart 64",
    "image": "https://mario.wiki.gallery/images/5/5f/MK64_Cover.png",
    "yearRelease": 1996,
    "console": "Nintendo 64",
    "maxPlayerNumber": 4,
    "onlinePlay": false,
    "playableCharacters": ["Mario", "Luigi", "Toad", "Bowser", "Yoshi", "Donkey Kong", "Princess Peach"]
  },
  {
    "name": "Donkey Kong",
    "image": "https://mario.wiki.gallery/images/e/e0/Donkey_Kong_Arcade_side_art.png",
    "yearRelease": 1981,
    "console": "Arcade",
    "maxPlayerNumber": 1,
    "onlinePlay": false,
    "playableCharacters": ["Donkey Kong", "Mario"]
  },
  {
    "name": "Mario Bros",
    "image": "https://mario.wiki.gallery/images/5/54/MarioBrosFlyer.png",
    "yearRelease": 1983,
    "console": "NES",
    "maxPlayerNumber": 2,
    "onlinePlay": false,
    "playableCharacters": ["Mario", "Luigi"]
  },
  {
    "name": "Super Mario Bros",
    "image": "https://mario.wiki.gallery/images/6/6b/SMB_USA_box_art.jpg",
    "yearRelease": 1985,
    "console": "NES",
    "maxPlayerNumber": 2,
    "onlinePlay": false,
    "playableCharacters": ["Mario", "Luigi"]
  },
  {
    "name": "Smash Bros Melee",
    "image": "https://mario.wiki.gallery/images/b/b8/SSBM_cover_art.jpg",
    "yearRelease": 2001,
    "console": "Gamecube",
    "maxPlayerNumber": 4,
    "onlinePlay": false,
    "playableCharacters": ["Mario", "Luigi", "Bowser", "Yoshi", "Donkey Kong", "Princess Peach"]
  },
  {
    "name": "Mario and Luigi: Bowser's Inside Story",
    "image": "https://mario.wiki.gallery/images/1/10/Bowsersinsidestorycover.jpg",
    "yearRelease": 2009,
    "console": "Nintendo DS",
    "maxPlayerNumber": 1,
    "onlinePlay": false,
    "playableCharacters": ["Mario", "Luigi", "Bowser"]
  },
  {
    "name": "Mario Tennis Aces",
    "image": "https://mario.wiki.gallery/images/4/40/MTA_boxart.png",
    "yearRelease": 2018,
    "console": "Nintendo Switch",
    "maxPlayerNumber": 4,
    "onlinePlay": true,
    "playableCharacters": ["Mario", "Luigi", "Toad", "Bowser", "Yoshi", "Donkey Kong", "Princess Peach", "Diddy Kong", "Waluigi","Daisy"]
  },
  {
    "name": "Super Princess Peach",
    "image": "https://mario.wiki.gallery/images/6/6d/Super_Princess_Peach_box_art.png",
    "yearRelease": 2005,
    "console": "Nintendo DS",
    "maxPlayerNumber": 1,
    "onlinePlay": false,
    "playableCharacters": ["Princess Peach"]
  },
  {
    "name": "Super Mario Maker 2",
    "image": "https://mario.wiki.gallery/images/e/e5/SMM2_Box_Art.png",
    "yearRelease": 2015,
    "console": "Nintendo Switch",
    "maxPlayerNumber": 4,
    "onlinePlay": true,
    "playableCharacters": ["Mario", "Luigi", "Toad"]
  },
  {
    "name": "Super Mario World",
    "image": "https://mario.wiki.gallery/images/d/da/Super_Mario_World_Box.png",
    "yearRelease": 1990,
    "console": "Super NES",
    "maxPlayerNumber": 2,
    "onlinePlay": false,
    "playableCharacters": ["Mario", "Luigi"]
  }
]